Name,Age,BMI,Cycle,Risk
Shree,45,10.7,45,0.5
Savitri,45,30.0,60,0.37
Savitri,45,70.0,60,0.4
Savitri,45,58.917599528659196,60,0.4
Savitri,45,58.917599528659196,60,0.4
ramya,25,31.217481789802285,50,0.4
Yelena,26.562499999999996,38,0.7
plum,19.979188345473464,40,0.7
jaanu,30.0,20,0.16
jaanu,30.0,20,0.16
manisha,49,35.111111111111114,40,0.71
vaishali,25,27.343749999999996,30,0.37
